{
    "accuracy": 0.30639374719712986,
    "loss": 2.115460515022278
}