{
    "accuracy": 0.8305464795951054,
    "loss": 0.8224641680717468
}