{
    "accuracy": 0.8021844660194175,
    "loss": -0.35564105212688446
}