{
    "accuracy": 0.9505080301540478,
    "loss": 0.15640997141599655
}