{
    "accuracy": 0.8344224485873535,
    "loss": 1.0644688606262207
}