{
    "accuracy": 0.8674033149171271,
    "loss": 0.596436083316803
}