{
    "accuracy": 0.7914110429447853,
    "loss": 1.493368148803711
}