{
    "accuracy": 0.7914110429447853,
    "f1": 0.05555555555555555,
    "loss": 1.493368148803711
}