{
    "accuracy": 0.861878453038674,
    "loss": 0.6330983638763428
}