{
    "accuracy": 0.9613259668508287,
    "f1": 0.8372093023255814,
    "loss": 0.2791949510574341
}