{
    "accuracy": 0.8674033149171271,
    "f1": 0.07692307692307693,
    "loss": 0.596436083316803
}