{
    "accuracy": 0.9613259668508287,
    "loss": 0.2791949510574341
}