{
    "accuracy": 0.8071844660194174,
    "loss": 1.2024625539779663
}